<?xml version="1.0" encoding="UTF-8"?>
<project-private xmlns="http://www.netbeans.org/ns/project-private/1">
    <editor-bookmarks xmlns="http://www.netbeans.org/ns/editor-bookmarks/2" lastBookmarkId="0"/>
    <open-files xmlns="http://www.netbeans.org/ns/projectui-open-files/2">
        <group>
            <file>file:/Users/johan/Documents/E-CORP/TIC/src/Module/Classe/CException.java</file>
            <file>file:/Users/johan/Documents/E-CORP/TIC/src/Module/Classe/CGame.java</file>
            <file>file:/Users/johan/Documents/E-CORP/TIC/src/Graphique/JPanel/Panel_jeu.java</file>
            <file>file:/Users/johan/Documents/E-CORP/TIC/src/Module/Classe/CCellule.java</file>
            <file>file:/Users/johan/Documents/E-CORP/TIC/src/Panneau/DrawPlayer.java</file>
            <file>file:/Users/johan/Documents/E-CORP/TIC/src/tic/TICTACTOE.java</file>
            <file>file:/Users/johan/Documents/E-CORP/TIC/src/Panneau/DrawMap.java</file>
        </group>
    </open-files>
</project-private>
